% Model,model2.mph
% Version,COMSOL 6.1.0.357
% Date,"Jul 6 2023, 10:22"
% Dimension,1
% Nodes,201
% Expressions,27
% Description,Point graph
0.0000;2.9221E-7;2.9221E-7;2.9221E-7;2.9221E-7;2.9221E-7;2.9221E-7;2.9221E-7;2.9221E-7;2.9221E-7;2.9221E-7;2.9221E-7;2.9221E-7;2.9221E-7;2.9221E-7;2.9221E-7;2.9221E-7;2.9221E-7;2.9221E-7;2.9221E-7;2.9221E-7;2.9221E-7;2.9221E-7;2.9221E-7;2.9221E-7;2.9221E-7;2.9221E-7;2.9221E-7
5.0000;7.3125E-4;7.3125E-4;7.3125E-4;7.3125E-4;7.3125E-4;7.3125E-4;7.3125E-4;7.3125E-4;7.3125E-4;7.3125E-4;7.3125E-4;7.3125E-4;7.3125E-4;7.3125E-4;7.3125E-4;7.3125E-4;7.3125E-4;7.3125E-4;7.3125E-4;7.3125E-4;7.3125E-4;7.3125E-4;7.3125E-4;7.3125E-4;7.3125E-4;7.3125E-4;7.3125E-4
10.000;0.0015741;0.0017621;0.0014625;0.0015756;0.0017655;0.0014625;0.0015768;0.0017699;0.0014625;0.0015710;0.0017540;0.0014625;0.0015725;0.0017569;0.0014625;0.0015738;0.0017614;0.0014625;0.0015777;0.0017719;0.0014625;0.0015793;0.0017756;0.0014625;0.0015814;0.0017800;0.0014625
15.000;0.0028890;0.0030227;0.0027361;0.0028967;0.0030318;0.0027420;0.0029051;0.0030427;0.0027486;0.0028716;0.0029984;0.0027226;0.0028791;0.0030089;0.0027285;0.0028873;0.0030204;0.0027349;0.0029098;0.0030486;0.0027523;0.0029181;0.0030581;0.0027606;0.0029281;0.0030658;0.0027678
20.000;0.0041100;0.0042109;0.0039917;0.0041243;0.0042270;0.0040037;0.0041393;0.0042443;0.0040167;0.0040756;0.0041679;0.0039644;0.0040904;0.0041848;0.0039761;0.0041061;0.0042060;0.0039887;0.0041481;0.0042544;0.0040244;0.0041624;0.0042696;0.0040372;0.0041781;0.0042837;0.0040510
25.000;0.0052860;0.0053527;0.0051947;0.0053093;0.0053770;0.0052135;0.0053312;0.0054013;0.0052343;0.0052333;0.0052930;0.0051508;0.0052560;0.0053187;0.0051695;0.0052800;0.0053456;0.0051895;0.0053445;0.0054169;0.0052464;0.0053640;0.0054404;0.0052657;0.0053847;0.0054630;0.0052873
30.000;0.0064282;0.0064610;0.0063634;0.0064570;0.0064930;0.0063892;0.0064862;0.0065268;0.0064168;0.0063560;0.0063839;0.0062992;0.0063867;0.0064167;0.0063263;0.0064188;0.0064507;0.0063555;0.0065050;0.0065487;0.0064357;0.0065322;0.0065803;0.0064608;0.0065612;0.0066127;0.0064860
35.000;0.0075406;0.0075445;0.0075048;0.0075770;0.0075850;0.0075378;0.0076155;0.0076270;0.0075721;0.0074511;0.0074479;0.0074212;0.0074887;0.0074876;0.0074557;0.0075278;0.0075303;0.0074937;0.0076422;0.0076565;0.0075949;0.0076771;0.0076953;0.0076266;0.0077147;0.0077354;0.0076599
40.000;0.0086338;0.0086109;0.0086213;0.0086777;0.0086572;0.0086626;0.0087252;0.0087063;0.0087058;0.0085233;0.0084959;0.0085202;0.0085685;0.0085424;0.0085620;0.0086170;0.0085927;0.0086062;0.0087581;0.0087425;0.0087358;0.0088002;0.0087889;0.0087750;0.0088446;0.0088383;0.0088168
45.000;0.0097094;0.0096615;0.0097215;0.0097603;0.0097142;0.0097707;0.0098151;0.0097709;0.0098214;0.0095816;0.0095305;0.0095995;0.0096340;0.0095835;0.0096495;0.0096885;0.0096396;0.0097021;0.0098560;0.0098146;0.0098584;0.0099063;0.0098678;0.0099047;0.0099587;0.0099238;0.0099539
50.000;0.010772;0.010700;0.010806;0.010830;0.010759;0.010862;0.010892;0.010823;0.010921;0.010628;0.010555;0.010667;0.010685;0.010612;0.010722;0.010747;0.010674;0.010782;0.010940;0.010873;0.010966;0.010997;0.010933;0.011020;0.011057;0.010996;0.011077
55.000;0.011825;0.011731;0.011880;0.011888;0.011794;0.011941;0.011957;0.011863;0.012007;0.011663;0.011573;0.011722;0.011727;0.011634;0.011784;0.011795;0.011700;0.011850;0.012013;0.011921;0.012060;0.012077;0.011987;0.012122;0.012144;0.012057;0.012187
60.000;0.012867;0.012755;0.012942;0.012937;0.012822;0.013010;0.013012;0.012895;0.013083;0.012692;0.012585;0.012768;0.012759;0.012650;0.012836;0.012832;0.012720;0.012908;0.013076;0.012960;0.013145;0.013145;0.013031;0.013212;0.013220;0.013107;0.013284
65.000;0.013903;0.013773;0.013997;0.013977;0.013845;0.014071;0.014057;0.013922;0.014150;0.013715;0.013592;0.013805;0.013786;0.013660;0.013878;0.013863;0.013734;0.013958;0.014130;0.013994;0.014220;0.014206;0.014068;0.014294;0.014287;0.014150;0.014373
70.000;0.014934;0.014788;0.015044;0.015011;0.014862;0.015123;0.015096;0.014943;0.015209;0.014733;0.014595;0.014837;0.014807;0.014666;0.014915;0.014889;0.014744;0.014999;0.015177;0.015022;0.015288;0.015257;0.015101;0.015367;0.015345;0.015187;0.015452
75.000;0.015960;0.015798;0.016085;0.016041;0.015875;0.016168;0.016130;0.015960;0.016259;0.015747;0.015594;0.015866;0.015825;0.015668;0.015946;0.015910;0.015749;0.016034;0.016218;0.016046;0.016348;0.016303;0.016128;0.016433;0.016395;0.016218;0.016524
80.000;0.016982;0.016804;0.017122;0.017067;0.016885;0.017209;0.017159;0.016973;0.017304;0.016758;0.016591;0.016890;0.016838;0.016667;0.016974;0.016927;0.016750;0.017066;0.017256;0.017066;0.017401;0.017344;0.017151;0.017492;0.017441;0.017244;0.017590
85.000;0.018001;0.017808;0.018155;0.018089;0.017891;0.018246;0.018185;0.017982;0.018345;0.017765;0.017587;0.017910;0.017849;0.017664;0.017997;0.017940;0.017749;0.018093;0.018289;0.018083;0.018450;0.018381;0.018170;0.018545;0.018482;0.018267;0.018648
90.000;0.019017;0.018811;0.019185;0.019107;0.018895;0.019279;0.019207;0.018988;0.019382;0.018770;0.018582;0.018928;0.018856;0.018661;0.019018;0.018951;0.018747;0.019116;0.019319;0.019096;0.019496;0.019414;0.019187;0.019594;0.019519;0.019287;0.019702
95.000;0.020031;0.019813;0.020211;0.020124;0.019898;0.020308;0.020226;0.019993;0.020415;0.019773;0.019576;0.019943;0.019861;0.019656;0.020035;0.019958;0.019744;0.020137;0.020346;0.020108;0.020538;0.020444;0.020201;0.020640;0.020552;0.020303;0.020751
100.00;0.021042;0.020814;0.021236;0.021137;0.020900;0.021336;0.021242;0.020996;0.021445;0.020776;0.020568;0.020956;0.020865;0.020649;0.021051;0.020963;0.020739;0.021155;0.021371;0.021118;0.021578;0.021472;0.021212;0.021683;0.021583;0.021317;0.021798
105.00;0.022052;0.021813;0.022258;0.022149;0.021901;0.022361;0.022256;0.021999;0.022473;0.021778;0.021560;0.021966;0.021868;0.021642;0.022064;0.021968;0.021734;0.022171;0.022394;0.022128;0.022614;0.022497;0.022223;0.022722;0.022611;0.022329;0.022841
110.00;0.023062;0.022813;0.023279;0.023159;0.022901;0.023383;0.023268;0.023000;0.023499;0.022779;0.022551;0.022976;0.022870;0.022635;0.023075;0.022971;0.022727;0.023185;0.023415;0.023137;0.023649;0.023520;0.023233;0.023759;0.023636;0.023340;0.023881
115.00;0.024071;0.023811;0.024298;0.024169;0.023901;0.024405;0.024279;0.024001;0.024522;0.023779;0.023540;0.023985;0.023872;0.023626;0.024085;0.023974;0.023720;0.024196;0.024434;0.024145;0.024682;0.024541;0.024242;0.024795;0.024660;0.024350;0.024919
120.00;0.025079;0.024810;0.025316;0.025178;0.024900;0.025424;0.025290;0.025001;0.025544;0.024779;0.024530;0.024994;0.024872;0.024616;0.025095;0.024976;0.024712;0.025207;0.025452;0.025153;0.025713;0.025561;0.025251;0.025828;0.025682;0.025360;0.025955
125.00;0.026087;0.025807;0.026333;0.026188;0.025899;0.026442;0.026299;0.026000;0.026564;0.025779;0.025520;0.026002;0.025873;0.025606;0.026104;0.025977;0.025703;0.026217;0.026471;0.026160;0.026743;0.026580;0.026259;0.026860;0.026702;0.026369;0.026989
130.00;0.027095;0.026805;0.027349;0.027196;0.026897;0.027459;0.027309;0.027000;0.027582;0.026778;0.026509;0.027011;0.026873;0.026596;0.027113;0.026978;0.026693;0.027227;0.027488;0.027168;0.027772;0.027598;0.027266;0.027890;0.027721;0.027378;0.028021
135.00;0.028103;0.027802;0.028366;0.028204;0.027895;0.028476;0.028318;0.027998;0.028600;0.027777;0.027499;0.028018;0.027873;0.027586;0.028121;0.027979;0.027684;0.028236;0.028506;0.028175;0.028800;0.028616;0.028274;0.028919;0.028740;0.028386;0.029053
140.00;0.029110;0.028799;0.029383;0.029212;0.028892;0.029493;0.029326;0.028997;0.029618;0.028776;0.028489;0.029026;0.028872;0.028576;0.029130;0.028979;0.028675;0.029246;0.029524;0.029182;0.029827;0.029634;0.029282;0.029948;0.029758;0.029394;0.030083
145.00;0.030118;0.029797;0.030399;0.030220;0.029890;0.030510;0.030334;0.029994;0.030635;0.029774;0.029478;0.030034;0.029871;0.029567;0.030138;0.029979;0.029665;0.030254;0.030541;0.030189;0.030854;0.030652;0.030289;0.030975;0.030776;0.030401;0.031111
150.00;0.031126;0.030795;0.031416;0.031228;0.030888;0.031527;0.031343;0.030992;0.031652;0.030773;0.030468;0.031042;0.030870;0.030557;0.031146;0.030979;0.030656;0.031263;0.031559;0.031196;0.031881;0.031670;0.031296;0.032002;0.031795;0.031409;0.032139
155.00;0.032133;0.031793;0.032432;0.032236;0.031886;0.032544;0.032351;0.031991;0.032669;0.031772;0.031459;0.032050;0.031869;0.031547;0.032154;0.031978;0.031646;0.032271;0.032577;0.032203;0.032908;0.032687;0.032304;0.033029;0.032813;0.032417;0.033167
160.00;0.033141;0.032791;0.033449;0.033244;0.032884;0.033561;0.033359;0.032989;0.033686;0.032772;0.032449;0.033058;0.032868;0.032538;0.033162;0.032977;0.032637;0.033279;0.033595;0.033211;0.033935;0.033705;0.033311;0.034057;0.033830;0.033424;0.034194
165.00;0.034149;0.033790;0.034466;0.034251;0.033883;0.034578;0.034367;0.033987;0.034703;0.033772;0.033440;0.034066;0.033868;0.033528;0.034171;0.033977;0.033628;0.034288;0.034613;0.034219;0.034963;0.034723;0.034318;0.035084;0.034848;0.034431;0.035221
170.00;0.035157;0.034790;0.035484;0.035259;0.034882;0.035595;0.035375;0.034986;0.035720;0.034772;0.034431;0.035074;0.034868;0.034519;0.035179;0.034977;0.034619;0.035296;0.035632;0.035227;0.035991;0.035742;0.035326;0.036111;0.035866;0.035439;0.036249
175.00;0.036166;0.035789;0.036502;0.036268;0.035881;0.036612;0.036383;0.035985;0.036737;0.035773;0.035423;0.036082;0.035869;0.035511;0.036187;0.035977;0.035610;0.036305;0.036651;0.036236;0.037019;0.036760;0.036335;0.037139;0.036885;0.036447;0.037276
180.00;0.037175;0.036790;0.037520;0.037276;0.036881;0.037630;0.037391;0.036985;0.037755;0.036774;0.036415;0.037091;0.036869;0.036502;0.037195;0.036977;0.036601;0.037313;0.037670;0.037246;0.038048;0.037779;0.037343;0.038168;0.037903;0.037455;0.038304
185.00;0.038185;0.037790;0.038539;0.038286;0.037881;0.038648;0.038400;0.037985;0.038773;0.037776;0.037407;0.038100;0.037871;0.037494;0.038204;0.037978;0.037593;0.038322;0.038690;0.038256;0.039077;0.038799;0.038353;0.039196;0.038922;0.038464;0.039332
190.00;0.039196;0.038792;0.039557;0.039295;0.038882;0.039667;0.039409;0.038985;0.039791;0.038778;0.038401;0.039111;0.038872;0.038487;0.039213;0.038980;0.038585;0.039330;0.039710;0.039267;0.040106;0.039818;0.039363;0.040225;0.039941;0.039473;0.040360
195.00;0.040207;0.039793;0.040577;0.040306;0.039883;0.040685;0.040419;0.039985;0.040809;0.039781;0.039394;0.040122;0.039875;0.039480;0.040223;0.039981;0.039578;0.040340;0.040731;0.040278;0.041137;0.040838;0.040373;0.041254;0.040960;0.040482;0.041388
200.00;0.041219;0.040796;0.041597;0.041317;0.040884;0.041704;0.041429;0.040986;0.041828;0.040785;0.040389;0.041133;0.040877;0.040474;0.041234;0.040983;0.040571;0.041349;0.041752;0.041291;0.042168;0.041858;0.041384;0.042283;0.041980;0.041493;0.042417
205.00;0.042232;0.041799;0.042617;0.042328;0.041886;0.042724;0.042439;0.041987;0.042846;0.041789;0.041384;0.042145;0.041881;0.041468;0.042245;0.041986;0.041564;0.042359;0.042775;0.042303;0.043199;0.042879;0.042396;0.043314;0.043000;0.042503;0.043446
210.00;0.043245;0.042803;0.043639;0.043340;0.042889;0.043744;0.043450;0.042989;0.043865;0.042794;0.042379;0.043158;0.042884;0.042462;0.043257;0.042989;0.042558;0.043370;0.043798;0.043317;0.044231;0.043901;0.043408;0.044345;0.044020;0.043514;0.044476
215.00;0.044260;0.043808;0.044661;0.044353;0.043893;0.044764;0.044462;0.043991;0.044885;0.043799;0.043376;0.044172;0.043889;0.043457;0.044269;0.043992;0.043552;0.044382;0.044822;0.044331;0.045264;0.044923;0.044421;0.045376;0.045041;0.044526;0.045506
220.00;0.045274;0.044813;0.045684;0.045367;0.044897;0.045786;0.045474;0.044994;0.045905;0.044806;0.044373;0.045187;0.044894;0.044453;0.045282;0.044996;0.044547;0.045393;0.045846;0.045346;0.046298;0.045946;0.045435;0.046409;0.046063;0.045538;0.046537
225.00;0.046290;0.045820;0.046708;0.046381;0.045901;0.046808;0.046487;0.045997;0.046925;0.045813;0.045370;0.046202;0.045899;0.045450;0.046296;0.046000;0.045542;0.046406;0.046872;0.046362;0.047332;0.046970;0.046449;0.047441;0.047085;0.046551;0.047569
230.00;0.047307;0.046827;0.047733;0.047396;0.046907;0.047831;0.047500;0.047001;0.047947;0.046821;0.046369;0.047218;0.046906;0.046447;0.047311;0.047005;0.046538;0.047419;0.047899;0.047379;0.048367;0.047994;0.047464;0.048475;0.048108;0.047565;0.048601
235.00;0.048324;0.047835;0.048758;0.048411;0.047913;0.048855;0.048515;0.048006;0.048969;0.047830;0.047368;0.048235;0.047913;0.047444;0.048326;0.048011;0.047534;0.048433;0.048926;0.048396;0.049403;0.049020;0.048480;0.049509;0.049131;0.048579;0.049633
240.00;0.049342;0.048843;0.049785;0.049428;0.048920;0.049880;0.049529;0.049011;0.049992;0.048840;0.048368;0.049253;0.048921;0.048443;0.049342;0.049017;0.048531;0.049447;0.049954;0.049415;0.050440;0.050046;0.049496;0.050544;0.050156;0.049593;0.050666
245.00;0.050361;0.049853;0.050813;0.050445;0.049928;0.050905;0.050545;0.050017;0.051015;0.049850;0.049369;0.050272;0.049930;0.049442;0.050359;0.050024;0.049529;0.050462;0.050984;0.050434;0.051477;0.051073;0.050513;0.051579;0.051181;0.050609;0.051700
250.00;0.051381;0.050863;0.051841;0.051463;0.050936;0.051931;0.051560;0.051024;0.052040;0.050862;0.050370;0.051291;0.050939;0.050442;0.051377;0.051032;0.050527;0.051478;0.052014;0.051454;0.052516;0.052101;0.051531;0.052615;0.052207;0.051625;0.052734
255.00;0.052402;0.051875;0.052871;0.052482;0.051945;0.052959;0.052577;0.052031;0.053065;0.051874;0.051372;0.052312;0.051950;0.051442;0.052395;0.052040;0.051526;0.052495;0.053045;0.052476;0.053556;0.053130;0.052550;0.053653;0.053233;0.052641;0.053769
260.00;0.053425;0.052887;0.053901;0.053501;0.052955;0.053987;0.053595;0.053039;0.054090;0.052888;0.052376;0.053333;0.052961;0.052443;0.053414;0.053050;0.052526;0.053512;0.054078;0.053498;0.054597;0.054160;0.053570;0.054691;0.054261;0.053659;0.054805
265.00;0.054448;0.053900;0.054933;0.054522;0.053966;0.055016;0.054613;0.054048;0.055117;0.053902;0.053380;0.054356;0.053973;0.053445;0.054434;0.054059;0.053526;0.054530;0.055111;0.054521;0.055639;0.055191;0.054591;0.055730;0.055289;0.054677;0.055841
270.00;0.055472;0.054915;0.055965;0.055543;0.054978;0.056046;0.055632;0.055057;0.056144;0.054917;0.054385;0.055379;0.054986;0.054448;0.055455;0.055070;0.054526;0.055548;0.056145;0.055546;0.056682;0.056222;0.055613;0.056770;0.056318;0.055697;0.056879
275.00;0.056497;0.055930;0.056999;0.056566;0.055991;0.057077;0.056652;0.056067;0.057173;0.055934;0.055391;0.056404;0.055999;0.055452;0.056477;0.056081;0.055528;0.056568;0.057180;0.056571;0.057726;0.057255;0.056635;0.057811;0.057348;0.056716;0.057917
280.00;0.057523;0.056946;0.058034;0.057589;0.057004;0.058108;0.057672;0.057078;0.058202;0.056951;0.056398;0.057430;0.057014;0.056456;0.057500;0.057094;0.056530;0.057588;0.058217;0.057597;0.058771;0.058288;0.057659;0.058853;0.058378;0.057737;0.058956
285.00;0.058550;0.057963;0.059069;0.058613;0.058019;0.059141;0.058694;0.058090;0.059232;0.057969;0.057406;0.058457;0.058030;0.057462;0.058524;0.058107;0.057533;0.058609;0.059254;0.058625;0.059817;0.059323;0.058683;0.059896;0.059410;0.058759;0.059996
290.00;0.059579;0.058982;0.060106;0.059638;0.059034;0.060175;0.059716;0.059103;0.060263;0.058989;0.058416;0.059485;0.059046;0.058468;0.059549;0.059120;0.058536;0.059631;0.060293;0.059653;0.060865;0.060358;0.059708;0.060940;0.060442;0.059781;0.061037
295.00;0.060608;0.060001;0.061144;0.060665;0.060050;0.061210;0.060740;0.060116;0.061294;0.060010;0.059426;0.060514;0.060064;0.059475;0.060575;0.060135;0.059541;0.060654;0.061333;0.060683;0.061914;0.061394;0.060735;0.061986;0.061476;0.060805;0.062079
300.00;0.061639;0.061021;0.062183;0.061692;0.061068;0.062245;0.061764;0.061131;0.062327;0.061031;0.060437;0.061544;0.061082;0.060484;0.061602;0.061150;0.060546;0.061678;0.062374;0.061714;0.062964;0.062432;0.061762;0.063032;0.062510;0.061829;0.063122
305.00;0.062671;0.062042;0.063224;0.062720;0.062086;0.063282;0.062789;0.062146;0.063360;0.062054;0.061450;0.062575;0.062102;0.061493;0.062629;0.062167;0.061552;0.062703;0.063416;0.062746;0.064015;0.063470;0.062791;0.064079;0.063545;0.062854;0.064166
310.00;0.063703;0.063065;0.064265;0.063750;0.063105;0.064320;0.063815;0.063162;0.064395;0.063078;0.062463;0.063607;0.063122;0.062503;0.063658;0.063184;0.062560;0.063728;0.064459;0.063779;0.065067;0.064510;0.063820;0.065128;0.064581;0.063880;0.065211
315.00;0.064738;0.064089;0.065308;0.064780;0.064125;0.065359;0.064842;0.064179;0.065430;0.064103;0.063478;0.064641;0.064144;0.063514;0.064688;0.064202;0.063567;0.064755;0.065504;0.064813;0.066121;0.065551;0.064851;0.066178;0.065618;0.064907;0.066257
320.00;0.065773;0.065114;0.066352;0.065811;0.065146;0.066399;0.065869;0.065197;0.066466;0.065129;0.064494;0.065676;0.065166;0.064526;0.065719;0.065221;0.064576;0.065782;0.066549;0.065849;0.067176;0.066592;0.065882;0.067228;0.066656;0.065935;0.067303
325.00;0.066809;0.066140;0.067397;0.066844;0.066168;0.067440;0.066898;0.066215;0.067504;0.066156;0.065511;0.066712;0.066190;0.065540;0.066751;0.066241;0.065586;0.066811;0.067596;0.066885;0.068232;0.067635;0.066915;0.068280;0.067695;0.066964;0.068351
330.00;0.067847;0.067167;0.068444;0.067878;0.067191;0.068482;0.067928;0.067235;0.068542;0.067184;0.066529;0.067749;0.067214;0.066554;0.067785;0.067262;0.066597;0.067840;0.068645;0.067923;0.069289;0.068679;0.067948;0.069333;0.068735;0.067993;0.069400
335.00;0.068886;0.068195;0.069491;0.068912;0.068216;0.069526;0.068959;0.068255;0.069581;0.068214;0.067548;0.068788;0.068240;0.067569;0.068819;0.068284;0.067609;0.068870;0.069694;0.068962;0.070348;0.069724;0.068983;0.070388;0.069776;0.069024;0.070450
340.00;0.069926;0.069225;0.070540;0.069948;0.069241;0.070570;0.069990;0.069276;0.070622;0.069244;0.068569;0.069827;0.069266;0.068586;0.069855;0.069307;0.068621;0.069902;0.070745;0.070003;0.071408;0.070770;0.070019;0.071443;0.070818;0.070056;0.071501
345.00;0.070968;0.070256;0.071591;0.070985;0.070268;0.071616;0.071023;0.070299;0.071663;0.070276;0.069591;0.070869;0.070294;0.069603;0.070891;0.070331;0.069635;0.070934;0.071797;0.071044;0.072469;0.071818;0.071056;0.072500;0.071861;0.071089;0.072553
350.00;0.072010;0.071288;0.072642;0.072023;0.071295;0.072663;0.072057;0.071322;0.072705;0.071310;0.070614;0.071911;0.071323;0.070622;0.071929;0.071356;0.070649;0.071968;0.072851;0.072087;0.073532;0.072867;0.072095;0.073557;0.072905;0.072123;0.073606
355.00;0.073055;0.072322;0.073695;0.073063;0.072324;0.073711;0.073092;0.072346;0.073749;0.072344;0.071638;0.072954;0.072353;0.071642;0.072968;0.072381;0.071665;0.073002;0.073905;0.073132;0.074596;0.073917;0.073134;0.074616;0.073950;0.073157;0.074661
360.00;0.074100;0.073357;0.074749;0.074103;0.073354;0.074760;0.074128;0.073372;0.074794;0.073380;0.072664;0.073999;0.073384;0.072663;0.074008;0.073408;0.072681;0.074038;0.074962;0.074177;0.075661;0.074968;0.074175;0.075677;0.074996;0.074193;0.075716
365.00;0.075147;0.074393;0.075805;0.075145;0.074385;0.075811;0.075165;0.074398;0.075839;0.074418;0.073691;0.075046;0.074416;0.073685;0.075049;0.074436;0.073699;0.075074;0.076019;0.075224;0.076728;0.076020;0.075217;0.076738;0.076044;0.075230;0.076773
370.00;0.076195;0.075430;0.076862;0.076188;0.075418;0.076862;0.076203;0.075426;0.076886;0.075456;0.074719;0.076093;0.075450;0.074708;0.076092;0.075464;0.074717;0.076112;0.077078;0.076272;0.077796;0.077073;0.076259;0.077801;0.077092;0.076268;0.077830
375.00;0.077244;0.076469;0.077921;0.077232;0.076451;0.077916;0.077242;0.076455;0.077934;0.076496;0.075748;0.077142;0.076484;0.075732;0.077135;0.076494;0.075737;0.077151;0.078138;0.077321;0.078866;0.078128;0.077304;0.078865;0.078142;0.077307;0.078889
380.00;0.078295;0.077509;0.078980;0.078277;0.077486;0.078970;0.078282;0.077484;0.078983;0.077537;0.076779;0.078192;0.077520;0.076758;0.078180;0.077525;0.076757;0.078191;0.079200;0.078372;0.079937;0.079184;0.078349;0.079930;0.079192;0.078348;0.079949
385.00;0.079347;0.078551;0.080042;0.079324;0.078522;0.080025;0.079323;0.078515;0.080033;0.078580;0.077812;0.079244;0.078557;0.077785;0.079226;0.078557;0.077779;0.079232;0.080263;0.079424;0.081009;0.080241;0.079396;0.080997;0.080244;0.079389;0.081010
390.00;0.080401;0.079594;0.081104;0.080372;0.079559;0.081082;0.080365;0.079547;0.081084;0.079624;0.078845;0.080297;0.079596;0.078813;0.080274;0.079590;0.078802;0.080274;0.081328;0.080478;0.082083;0.081300;0.080443;0.082064;0.081297;0.080431;0.082072
395.00;0.081456;0.080638;0.082169;0.081421;0.080598;0.082140;0.081409;0.080580;0.082137;0.080669;0.079880;0.081352;0.080635;0.079842;0.081322;0.080624;0.079826;0.081317;0.082393;0.081533;0.083158;0.082360;0.081493;0.083133;0.082351;0.081475;0.083135
400.00;0.082512;0.081684;0.083234;0.082471;0.081638;0.083200;0.082454;0.081614;0.083190;0.081716;0.080917;0.082408;0.081676;0.080873;0.082373;0.081660;0.080851;0.082361;0.083461;0.082589;0.084235;0.083421;0.082543;0.084204;0.083406;0.082520;0.084200
405.00;0.083570;0.082731;0.084301;0.083523;0.082679;0.084261;0.083500;0.082650;0.084245;0.082764;0.081955;0.083465;0.082719;0.081905;0.083424;0.082696;0.081877;0.083407;0.084529;0.083647;0.085313;0.084484;0.083594;0.085276;0.084463;0.083565;0.085266
410.00;0.084629;0.083779;0.085369;0.084576;0.083721;0.085323;0.084547;0.083686;0.085301;0.083814;0.082994;0.084524;0.083762;0.082938;0.084477;0.083734;0.082905;0.084453;0.085600;0.084706;0.086393;0.085547;0.084647;0.086349;0.085521;0.084612;0.086332
415.00;0.085689;0.084829;0.086439;0.085630;0.084765;0.086386;0.085595;0.084724;0.086358;0.084865;0.084035;0.085584;0.084807;0.083972;0.085531;0.084773;0.083933;0.085501;0.086671;0.085767;0.087474;0.086613;0.085701;0.087423;0.086580;0.085660;0.087401
420.00;0.086751;0.085881;0.087511;0.086685;0.085809;0.087451;0.086644;0.085762;0.087417;0.085918;0.085077;0.086646;0.085853;0.085008;0.086586;0.085813;0.084963;0.086550;0.087745;0.086829;0.088557;0.087679;0.086757;0.088499;0.087640;0.086710;0.088470
425.00;0.087815;0.086933;0.088584;0.087742;0.086856;0.088517;0.087695;0.086802;0.088476;0.086972;0.086121;0.087709;0.086901;0.086045;0.087642;0.086854;0.085994;0.087601;0.088819;0.087893;0.089641;0.088747;0.087814;0.089577;0.088701;0.087760;0.089541
430.00;0.088879;0.087988;0.089658;0.088800;0.087903;0.089584;0.088747;0.087843;0.089537;0.088027;0.087166;0.088773;0.087950;0.087084;0.088700;0.087896;0.087026;0.088652;0.089896;0.088958;0.090727;0.089816;0.088872;0.090655;0.089764;0.088812;0.090612
435.00;0.089946;0.089043;0.090734;0.089860;0.088952;0.090653;0.089800;0.088886;0.090599;0.089084;0.088213;0.089839;0.089000;0.088124;0.089760;0.088940;0.088059;0.089705;0.090974;0.090025;0.091814;0.090887;0.089932;0.091735;0.090827;0.089864;0.091686
440.00;0.091014;0.090101;0.091811;0.090921;0.090002;0.091723;0.090854;0.089929;0.091663;0.090143;0.089261;0.090907;0.090051;0.089165;0.090820;0.089985;0.089094;0.090759;0.092053;0.091093;0.092903;0.091959;0.090992;0.092817;0.091892;0.090918;0.092760
445.00;0.092084;0.091160;0.092890;0.091983;0.091054;0.092795;0.091909;0.090974;0.092727;0.091203;0.090310;0.091976;0.091104;0.090207;0.091882;0.091031;0.090129;0.091814;0.093134;0.092162;0.093993;0.093032;0.092055;0.093900;0.092959;0.091974;0.093836
450.00;0.093155;0.092220;0.093971;0.093047;0.092107;0.093868;0.092965;0.092020;0.093793;0.092265;0.091361;0.093046;0.092158;0.091251;0.092945;0.092078;0.091166;0.092870;0.094216;0.093234;0.095086;0.094107;0.093119;0.094985;0.094026;0.093030;0.094913
455.00;0.094227;0.093282;0.095053;0.094112;0.093161;0.094943;0.094023;0.093067;0.094860;0.093328;0.092414;0.094119;0.093214;0.092297;0.094010;0.093127;0.092204;0.093928;0.095300;0.094307;0.096179;0.095184;0.094184;0.096070;0.095095;0.094088;0.095991
460.00;0.095301;0.094345;0.096137;0.095178;0.094217;0.096018;0.095082;0.094115;0.095929;0.094392;0.093468;0.095192;0.094271;0.093343;0.095076;0.094176;0.093244;0.094987;0.096386;0.095381;0.097275;0.096261;0.095250;0.097158;0.096165;0.095147;0.097071
465.00;0.096377;0.095410;0.097222;0.096246;0.095274;0.097096;0.096143;0.095165;0.096998;0.095458;0.094524;0.096268;0.095329;0.094391;0.096143;0.095227;0.094284;0.096047;0.097473;0.096457;0.098372;0.097340;0.096318;0.098246;0.097237;0.096207;0.098152
470.00;0.097455;0.096477;0.098309;0.097315;0.096333;0.098175;0.097204;0.096216;0.098070;0.096526;0.095581;0.097344;0.096389;0.095441;0.097212;0.096280;0.095326;0.097108;0.098562;0.097535;0.099470;0.098421;0.097388;0.099337;0.098309;0.097269;0.099234
475.00;0.098534;0.097545;0.099397;0.098386;0.097393;0.099255;0.098267;0.097268;0.099142;0.097595;0.096640;0.098423;0.097451;0.096491;0.098283;0.097333;0.096370;0.098171;0.099652;0.098614;0.10057;0.099503;0.098459;0.10043;0.099383;0.098332;0.10032
480.00;0.099614;0.098615;0.10049;0.099458;0.098454;0.10034;0.099331;0.098322;0.10022;0.098666;0.097701;0.099503;0.098513;0.097544;0.099354;0.098388;0.097414;0.099235;0.10074;0.099695;0.10167;0.10059;0.099531;0.10152;0.10046;0.099396;0.10140
485.00;0.10070;0.099686;0.10158;0.10053;0.099517;0.10142;0.10040;0.099377;0.10129;0.099739;0.098763;0.10058;0.099577;0.098597;0.10043;0.099445;0.098460;0.10030;0.10184;0.10078;0.10278;0.10167;0.10060;0.10262;0.10154;0.10046;0.10249
490.00;0.10178;0.10076;0.10267;0.10161;0.10058;0.10250;0.10146;0.10043;0.10237;0.10081;0.099826;0.10167;0.10064;0.099653;0.10150;0.10050;0.099507;0.10137;0.10293;0.10186;0.10388;0.10276;0.10168;0.10371;0.10261;0.10153;0.10358
495.00;0.10287;0.10183;0.10377;0.10268;0.10165;0.10359;0.10253;0.10149;0.10344;0.10189;0.10089;0.10275;0.10171;0.10071;0.10258;0.10156;0.10056;0.10243;0.10403;0.10295;0.10499;0.10385;0.10276;0.10481;0.10369;0.10260;0.10467
500.00;0.10395;0.10291;0.10486;0.10376;0.10272;0.10468;0.10360;0.10255;0.10452;0.10297;0.10196;0.10384;0.10278;0.10177;0.10366;0.10262;0.10161;0.10350;0.10513;0.10403;0.10610;0.10494;0.10384;0.10591;0.10477;0.10367;0.10576
505.00;0.10504;0.10399;0.10596;0.10484;0.10378;0.10577;0.10467;0.10361;0.10560;0.10405;0.10303;0.10493;0.10385;0.10283;0.10474;0.10368;0.10266;0.10457;0.10623;0.10512;0.10721;0.10603;0.10491;0.10701;0.10586;0.10474;0.10685
510.00;0.10613;0.10507;0.10706;0.10592;0.10485;0.10686;0.10574;0.10467;0.10669;0.10513;0.10410;0.10602;0.10492;0.10389;0.10582;0.10475;0.10371;0.10565;0.10733;0.10621;0.10832;0.10712;0.10600;0.10811;0.10694;0.10581;0.10794
515.00;0.10722;0.10615;0.10817;0.10701;0.10593;0.10795;0.10682;0.10573;0.10777;0.10621;0.10517;0.10711;0.10599;0.10495;0.10690;0.10581;0.10476;0.10672;0.10844;0.10731;0.10943;0.10821;0.10708;0.10922;0.10802;0.10688;0.10904
520.00;0.10832;0.10723;0.10927;0.10809;0.10700;0.10904;0.10789;0.10680;0.10885;0.10729;0.10624;0.10820;0.10707;0.10601;0.10798;0.10688;0.10582;0.10779;0.10954;0.10840;0.11055;0.10931;0.10816;0.11032;0.10911;0.10796;0.11013
525.00;0.10941;0.10832;0.11037;0.10918;0.10807;0.11014;0.10897;0.10786;0.10994;0.10838;0.10732;0.10930;0.10814;0.10708;0.10907;0.10794;0.10687;0.10887;0.11065;0.10950;0.11167;0.11041;0.10925;0.11143;0.11020;0.10904;0.11123
530.00;0.11051;0.10940;0.11148;0.11026;0.10915;0.11124;0.11005;0.10893;0.11103;0.10947;0.10839;0.11039;0.10922;0.10815;0.11015;0.10901;0.10793;0.10995;0.11176;0.11059;0.11278;0.11151;0.11034;0.11254;0.11129;0.11011;0.11233
535.00;0.11161;0.11049;0.11259;0.11135;0.11023;0.11234;0.11113;0.11000;0.11212;0.11055;0.10947;0.11149;0.11030;0.10922;0.11124;0.11008;0.10899;0.11103;0.11287;0.11169;0.11391;0.11261;0.11143;0.11365;0.11238;0.11119;0.11343
540.00;0.11271;0.11158;0.11370;0.11244;0.11131;0.11344;0.11221;0.11107;0.11321;0.11165;0.11055;0.11259;0.11138;0.11029;0.11233;0.11115;0.11005;0.11211;0.11398;0.11279;0.11503;0.11371;0.11252;0.11476;0.11347;0.11227;0.11453
545.00;0.11381;0.11267;0.11481;0.11353;0.11239;0.11454;0.11329;0.11214;0.11430;0.11274;0.11164;0.11370;0.11246;0.11136;0.11343;0.11222;0.11111;0.11319;0.11509;0.11390;0.11615;0.11481;0.11361;0.11587;0.11456;0.11336;0.11563
550.00;0.11492;0.11377;0.11593;0.11463;0.11347;0.11564;0.11437;0.11321;0.11539;0.11383;0.11272;0.11480;0.11355;0.11243;0.11452;0.11330;0.11218;0.11427;0.11621;0.11500;0.11728;0.11592;0.11470;0.11699;0.11566;0.11444;0.11674
555.00;0.11602;0.11486;0.11704;0.11572;0.11456;0.11675;0.11546;0.11429;0.11649;0.11493;0.11381;0.11590;0.11463;0.11351;0.11561;0.11437;0.11324;0.11536;0.11733;0.11611;0.11841;0.11702;0.11580;0.11811;0.11675;0.11552;0.11785
560.00;0.11713;0.11596;0.11816;0.11682;0.11564;0.11785;0.11654;0.11536;0.11758;0.11603;0.11489;0.11701;0.11572;0.11458;0.11671;0.11545;0.11431;0.11644;0.11845;0.11721;0.11954;0.11813;0.11689;0.11923;0.11785;0.11661;0.11895
565.00;0.11824;0.11706;0.11928;0.11792;0.11673;0.11896;0.11763;0.11644;0.11868;0.11713;0.11598;0.11812;0.11681;0.11566;0.11781;0.11653;0.11538;0.11753;0.11957;0.11832;0.12067;0.11924;0.11799;0.12035;0.11895;0.11770;0.12006
570.00;0.11935;0.11816;0.12040;0.11902;0.11782;0.12007;0.11872;0.11752;0.11978;0.11823;0.11707;0.11923;0.11790;0.11674;0.11891;0.11761;0.11645;0.11862;0.12069;0.11943;0.12180;0.12035;0.11909;0.12147;0.12005;0.11879;0.12117
575.00;0.12047;0.11926;0.12152;0.12012;0.11891;0.12118;0.11981;0.11860;0.12088;0.11933;0.11816;0.12034;0.11899;0.11782;0.12001;0.11869;0.11752;0.11971;0.12182;0.12055;0.12294;0.12147;0.12019;0.12259;0.12115;0.11988;0.12229
580.00;0.12158;0.12036;0.12265;0.12122;0.12000;0.12230;0.12090;0.11968;0.12198;0.12044;0.11926;0.12146;0.12009;0.11891;0.12111;0.11977;0.11859;0.12080;0.12294;0.12166;0.12407;0.12258;0.12130;0.12372;0.12226;0.12097;0.12340
585.00;0.12270;0.12147;0.12377;0.12233;0.12110;0.12341;0.12200;0.12076;0.12308;0.12154;0.12036;0.12258;0.12118;0.11999;0.12222;0.12086;0.11966;0.12189;0.12407;0.12278;0.12521;0.12370;0.12240;0.12484;0.12336;0.12206;0.12451
590.00;0.12382;0.12257;0.12490;0.12344;0.12219;0.12453;0.12309;0.12185;0.12419;0.12265;0.12145;0.12369;0.12228;0.12108;0.12332;0.12194;0.12074;0.12299;0.12520;0.12390;0.12635;0.12482;0.12351;0.12597;0.12447;0.12316;0.12563
595.00;0.12494;0.12368;0.12603;0.12454;0.12329;0.12564;0.12419;0.12293;0.12530;0.12376;0.12255;0.12481;0.12338;0.12216;0.12443;0.12303;0.12181;0.12409;0.12633;0.12502;0.12750;0.12594;0.12462;0.12710;0.12558;0.12426;0.12675
600.00;0.12606;0.12479;0.12717;0.12565;0.12439;0.12676;0.12529;0.12402;0.12640;0.12487;0.12365;0.12593;0.12448;0.12325;0.12554;0.12412;0.12289;0.12518;0.12747;0.12614;0.12864;0.12706;0.12573;0.12824;0.12669;0.12535;0.12787
605.00;0.12718;0.12591;0.12830;0.12677;0.12549;0.12789;0.12639;0.12511;0.12751;0.12599;0.12476;0.12706;0.12558;0.12435;0.12665;0.12521;0.12397;0.12628;0.12861;0.12727;0.12979;0.12818;0.12684;0.12937;0.12780;0.12645;0.12899
610.00;0.12831;0.12702;0.12944;0.12788;0.12659;0.12901;0.12749;0.12620;0.12862;0.12710;0.12586;0.12818;0.12668;0.12544;0.12776;0.12630;0.12505;0.12738;0.12974;0.12839;0.13094;0.12931;0.12795;0.13051;0.12891;0.12756;0.13012
615.00;0.12944;0.12814;0.13057;0.12899;0.12770;0.13013;0.12859;0.12729;0.12974;0.12822;0.12697;0.12931;0.12779;0.12653;0.12888;0.12739;0.12613;0.12849;0.13088;0.12952;0.13209;0.13043;0.12907;0.13164;0.13003;0.12866;0.13124
620.00;0.13057;0.12926;0.13171;0.13011;0.12880;0.13126;0.12970;0.12838;0.13085;0.12934;0.12808;0.13044;0.12889;0.12763;0.13000;0.12849;0.12722;0.12959;0.13203;0.13065;0.13324;0.13156;0.13019;0.13278;0.13114;0.12976;0.13237
625.00;0.13170;0.13038;0.13286;0.13123;0.12991;0.13239;0.13080;0.12948;0.13197;0.13046;0.12919;0.13157;0.13000;0.12873;0.13111;0.12958;0.12830;0.13070;0.13317;0.13178;0.13440;0.13269;0.13130;0.13392;0.13226;0.13087;0.13349
630.00;0.13283;0.13150;0.13400;0.13235;0.13102;0.13352;0.13191;0.13057;0.13308;0.13159;0.13030;0.13270;0.13111;0.12983;0.13223;0.13068;0.12939;0.13180;0.13432;0.13292;0.13555;0.13383;0.13242;0.13507;0.13338;0.13198;0.13462
635.00;0.13397;0.13262;0.13514;0.13347;0.13213;0.13465;0.13302;0.13167;0.13420;0.13271;0.13142;0.13384;0.13222;0.13093;0.13336;0.13178;0.13048;0.13291;0.13546;0.13405;0.13671;0.13496;0.13355;0.13621;0.13450;0.13308;0.13575
640.00;0.13510;0.13375;0.13629;0.13460;0.13324;0.13579;0.13413;0.13277;0.13532;0.13384;0.13253;0.13498;0.13334;0.13203;0.13448;0.13288;0.13157;0.13402;0.13661;0.13519;0.13787;0.13610;0.13467;0.13736;0.13562;0.13420;0.13689
645.00;0.13624;0.13488;0.13744;0.13572;0.13435;0.13692;0.13524;0.13387;0.13645;0.13497;0.13365;0.13612;0.13445;0.13314;0.13560;0.13398;0.13266;0.13514;0.13776;0.13633;0.13904;0.13723;0.13580;0.13851;0.13675;0.13531;0.13802
650.00;0.13738;0.13601;0.13859;0.13685;0.13547;0.13806;0.13636;0.13498;0.13757;0.13610;0.13477;0.13726;0.13557;0.13424;0.13673;0.13509;0.13376;0.13625;0.13892;0.13747;0.14020;0.13837;0.13692;0.13966;0.13787;0.13642;0.13916
655.00;0.13853;0.13714;0.13975;0.13798;0.13659;0.13920;0.13747;0.13608;0.13869;0.13723;0.13589;0.13840;0.13669;0.13535;0.13786;0.13619;0.13485;0.13736;0.14007;0.13861;0.14137;0.13951;0.13805;0.14081;0.13900;0.13754;0.14030
660.00;0.13967;0.13827;0.14090;0.13911;0.13771;0.14034;0.13859;0.13719;0.13982;0.13837;0.13702;0.13954;0.13781;0.13646;0.13899;0.13730;0.13595;0.13848;0.14123;0.13976;0.14254;0.14066;0.13918;0.14196;0.14013;0.13865;0.14144
665.00;0.14082;0.13941;0.14206;0.14024;0.13883;0.14148;0.13971;0.13829;0.14095;0.13950;0.13814;0.14069;0.13893;0.13757;0.14012;0.13841;0.13704;0.13960;0.14239;0.14091;0.14371;0.14180;0.14032;0.14312;0.14126;0.13977;0.14258
670.00;0.14197;0.14055;0.14322;0.14138;0.13995;0.14263;0.14083;0.13940;0.14208;0.14064;0.13927;0.14184;0.14006;0.13869;0.14126;0.13952;0.13814;0.14072;0.14355;0.14206;0.14488;0.14295;0.14145;0.14428;0.14239;0.14089;0.14372
675.00;0.14312;0.14169;0.14438;0.14251;0.14108;0.14377;0.14195;0.14051;0.14321;0.14178;0.14040;0.14299;0.14118;0.13980;0.14239;0.14063;0.13925;0.14184;0.14472;0.14321;0.14606;0.14410;0.14259;0.14544;0.14352;0.14201;0.14486
680.00;0.14428;0.14283;0.14555;0.14365;0.14220;0.14492;0.14307;0.14163;0.14435;0.14293;0.14153;0.14414;0.14231;0.14092;0.14353;0.14174;0.14035;0.14296;0.14589;0.14436;0.14724;0.14525;0.14373;0.14660;0.14466;0.14314;0.14601
685.00;0.14543;0.14397;0.14671;0.14479;0.14333;0.14607;0.14420;0.14274;0.14548;0.14407;0.14267;0.14530;0.14344;0.14204;0.14467;0.14286;0.14145;0.14409;0.14705;0.14552;0.14842;0.14640;0.14487;0.14776;0.14580;0.14426;0.14716
690.00;0.14659;0.14512;0.14788;0.14593;0.14446;0.14722;0.14533;0.14386;0.14662;0.14522;0.14380;0.14646;0.14457;0.14316;0.14581;0.14398;0.14256;0.14521;0.14822;0.14668;0.14960;0.14755;0.14601;0.14893;0.14694;0.14539;0.14831
695.00;0.14775;0.14627;0.14905;0.14708;0.14559;0.14838;0.14645;0.14497;0.14776;0.14637;0.14494;0.14762;0.14571;0.14428;0.14695;0.14510;0.14367;0.14634;0.14940;0.14784;0.15078;0.14871;0.14715;0.15009;0.14808;0.14652;0.14946
700.00;0.14891;0.14742;0.15023;0.14822;0.14673;0.14953;0.14758;0.14609;0.14890;0.14752;0.14608;0.14878;0.14684;0.14540;0.14810;0.14622;0.14478;0.14747;0.15057;0.14900;0.15197;0.14987;0.14830;0.15126;0.14922;0.14765;0.15061
705.00;0.15007;0.14857;0.15140;0.14937;0.14786;0.15069;0.14872;0.14721;0.15004;0.14867;0.14722;0.14994;0.14798;0.14653;0.14925;0.14734;0.14589;0.14860;0.15175;0.15016;0.15316;0.15103;0.14944;0.15243;0.15036;0.14878;0.15177
710.00;0.15124;0.14972;0.15258;0.15052;0.14900;0.15185;0.14985;0.14833;0.15118;0.14983;0.14837;0.15111;0.14912;0.14766;0.15040;0.14846;0.14700;0.14974;0.15293;0.15133;0.15435;0.15219;0.15059;0.15361;0.15151;0.14991;0.15292
715.00;0.15241;0.15088;0.15376;0.15167;0.15014;0.15301;0.15098;0.14946;0.15233;0.15099;0.14951;0.15227;0.15026;0.14879;0.15155;0.14959;0.14811;0.15087;0.15411;0.15250;0.15554;0.15335;0.15175;0.15478;0.15266;0.15105;0.15408
720.00;0.15358;0.15204;0.15494;0.15282;0.15128;0.15418;0.15212;0.15058;0.15348;0.15215;0.15066;0.15344;0.15140;0.14992;0.15270;0.15071;0.14923;0.15201;0.15529;0.15367;0.15674;0.15452;0.15290;0.15596;0.15381;0.15219;0.15524
725.00;0.15475;0.15320;0.15612;0.15398;0.15243;0.15534;0.15326;0.15171;0.15463;0.15331;0.15181;0.15462;0.15255;0.15105;0.15385;0.15184;0.15035;0.15315;0.15648;0.15484;0.15794;0.15569;0.15405;0.15714;0.15496;0.15332;0.15641
730.00;0.15593;0.15436;0.15731;0.15514;0.15357;0.15651;0.15440;0.15284;0.15578;0.15447;0.15296;0.15579;0.15369;0.15219;0.15501;0.15297;0.15147;0.15429;0.15767;0.15601;0.15914;0.15686;0.15521;0.15832;0.15611;0.15447;0.15757
735.00;0.15710;0.15552;0.15850;0.15629;0.15472;0.15768;0.15554;0.15397;0.15693;0.15564;0.15412;0.15697;0.15484;0.15333;0.15617;0.15410;0.15259;0.15543;0.15886;0.15719;0.16034;0.15803;0.15637;0.15951;0.15726;0.15561;0.15874
740.00;0.15828;0.15669;0.15969;0.15746;0.15587;0.15885;0.15669;0.15510;0.15808;0.15681;0.15527;0.15814;0.15599;0.15446;0.15733;0.15524;0.15371;0.15657;0.16005;0.15837;0.16155;0.15920;0.15753;0.16069;0.15842;0.15675;0.15990
745.00;0.15946;0.15786;0.16088;0.15862;0.15702;0.16003;0.15783;0.15624;0.15924;0.15798;0.15643;0.15933;0.15715;0.15561;0.15849;0.15637;0.15483;0.15772;0.16125;0.15955;0.16276;0.16038;0.15869;0.16188;0.15958;0.15790;0.16107
750.00;0.16065;0.15903;0.16208;0.15978;0.15817;0.16120;0.15898;0.15737;0.16040;0.15915;0.15759;0.16051;0.15830;0.15675;0.15966;0.15751;0.15596;0.15887;0.16245;0.16074;0.16397;0.16156;0.15986;0.16307;0.16074;0.15904;0.16224
755.00;0.16183;0.16021;0.16327;0.16095;0.15933;0.16238;0.16013;0.15851;0.16156;0.16032;0.15876;0.16169;0.15946;0.15789;0.16082;0.15865;0.15709;0.16001;0.16365;0.16192;0.16518;0.16274;0.16103;0.16426;0.16190;0.16019;0.16342
760.00;0.16302;0.16138;0.16447;0.16212;0.16048;0.16356;0.16128;0.15965;0.16272;0.16150;0.15992;0.16288;0.16061;0.15904;0.16199;0.15979;0.15822;0.16116;0.16485;0.16311;0.16640;0.16392;0.16220;0.16546;0.16306;0.16134;0.16459
765.00;0.16421;0.16256;0.16568;0.16329;0.16164;0.16474;0.16243;0.16079;0.16388;0.16268;0.16109;0.16407;0.16177;0.16019;0.16316;0.16093;0.15935;0.16232;0.16605;0.16430;0.16761;0.16511;0.16337;0.16665;0.16423;0.16250;0.16577
770.00;0.16541;0.16374;0.16688;0.16446;0.16280;0.16593;0.16359;0.16193;0.16505;0.16386;0.16226;0.16526;0.16294;0.16134;0.16434;0.16208;0.16048;0.16347;0.16726;0.16550;0.16883;0.16629;0.16454;0.16785;0.16540;0.16365;0.16695
775.00;0.16660;0.16492;0.16809;0.16564;0.16397;0.16712;0.16474;0.16308;0.16621;0.16504;0.16343;0.16646;0.16410;0.16249;0.16551;0.16322;0.16162;0.16463;0.16847;0.16669;0.17006;0.16748;0.16572;0.16905;0.16657;0.16481;0.16813
780.00;0.16780;0.16611;0.16930;0.16682;0.16513;0.16830;0.16590;0.16422;0.16738;0.16623;0.16460;0.16766;0.16527;0.16365;0.16669;0.16437;0.16275;0.16579;0.16968;0.16789;0.17128;0.16867;0.16689;0.17026;0.16774;0.16597;0.16931
785.00;0.16900;0.16729;0.17051;0.16800;0.16630;0.16950;0.16706;0.16537;0.16856;0.16742;0.16578;0.16886;0.16644;0.16480;0.16787;0.16552;0.16389;0.16695;0.17090;0.16909;0.17251;0.16987;0.16807;0.17146;0.16891;0.16713;0.17050
790.00;0.17020;0.16848;0.17173;0.16918;0.16747;0.17069;0.16822;0.16652;0.16973;0.16861;0.16696;0.17006;0.16761;0.16596;0.16905;0.16667;0.16503;0.16811;0.17212;0.17029;0.17374;0.17106;0.16926;0.17267;0.17009;0.16829;0.17168
795.00;0.17141;0.16967;0.17294;0.17036;0.16864;0.17188;0.16939;0.16767;0.17090;0.16980;0.16814;0.17126;0.16878;0.16712;0.17023;0.16782;0.16617;0.16927;0.17334;0.17150;0.17498;0.17226;0.17044;0.17388;0.17126;0.16945;0.17287
800.00;0.17262;0.17087;0.17416;0.17155;0.16981;0.17308;0.17055;0.16883;0.17208;0.17100;0.16932;0.17247;0.16995;0.16829;0.17142;0.16898;0.16732;0.17044;0.17456;0.17271;0.17621;0.17346;0.17162;0.17509;0.17244;0.17062;0.17406
805.00;0.17383;0.17207;0.17539;0.17274;0.17099;0.17428;0.17172;0.16998;0.17326;0.17220;0.17051;0.17368;0.17113;0.16945;0.17260;0.17014;0.16846;0.17160;0.17579;0.17392;0.17745;0.17466;0.17281;0.17631;0.17362;0.17179;0.17526
810.00;0.17504;0.17326;0.17661;0.17393;0.17217;0.17548;0.17289;0.17114;0.17444;0.17340;0.17170;0.17489;0.17231;0.17062;0.17379;0.17130;0.16961;0.17277;0.17701;0.17513;0.17870;0.17587;0.17400;0.17753;0.17481;0.17296;0.17645
815.00;0.17625;0.17447;0.17784;0.17512;0.17335;0.17669;0.17406;0.17230;0.17562;0.17460;0.17289;0.17611;0.17349;0.17179;0.17498;0.17246;0.17076;0.17394;0.17824;0.17635;0.17994;0.17707;0.17520;0.17875;0.17599;0.17413;0.17765
820.00;0.17747;0.17567;0.17907;0.17631;0.17453;0.17789;0.17524;0.17346;0.17681;0.17580;0.17408;0.17732;0.17467;0.17296;0.17618;0.17362;0.17191;0.17512;0.17948;0.17756;0.18119;0.17828;0.17639;0.17997;0.17718;0.17530;0.17885
825.00;0.17869;0.17688;0.18030;0.17751;0.17571;0.17910;0.17641;0.17462;0.17799;0.17701;0.17527;0.17854;0.17586;0.17413;0.17738;0.17478;0.17306;0.17629;0.18071;0.17879;0.18244;0.17949;0.17759;0.18119;0.17837;0.17648;0.18005
830.00;0.17992;0.17809;0.18154;0.17871;0.17690;0.18031;0.17759;0.17579;0.17918;0.17822;0.17647;0.17976;0.17705;0.17531;0.17857;0.17595;0.17422;0.17747;0.18195;0.18001;0.18369;0.18071;0.17879;0.18242;0.17956;0.17765;0.18125
835.00;0.18114;0.17930;0.18278;0.17991;0.17809;0.18153;0.17877;0.17696;0.18037;0.17944;0.17767;0.18099;0.17824;0.17648;0.17977;0.17712;0.17537;0.17865;0.18320;0.18124;0.18495;0.18192;0.17999;0.18365;0.18075;0.17883;0.18246
840.00;0.18237;0.18051;0.18402;0.18111;0.17928;0.18274;0.17995;0.17812;0.18157;0.18065;0.17887;0.18222;0.17943;0.17766;0.18098;0.17829;0.17653;0.17983;0.18444;0.18246;0.18621;0.18314;0.18119;0.18488;0.18194;0.18001;0.18367
845.00;0.18360;0.18173;0.18527;0.18232;0.18047;0.18396;0.18113;0.17929;0.18276;0.18187;0.18008;0.18345;0.18062;0.17885;0.18218;0.17946;0.17769;0.18101;0.18569;0.18370;0.18747;0.18436;0.18240;0.18612;0.18314;0.18120;0.18488
850.00;0.18483;0.18295;0.18651;0.18353;0.18166;0.18518;0.18232;0.18047;0.18396;0.18309;0.18129;0.18468;0.18182;0.18003;0.18339;0.18063;0.17886;0.18220;0.18694;0.18493;0.18874;0.18559;0.18361;0.18736;0.18434;0.18238;0.18609
855.00;0.18607;0.18417;0.18776;0.18474;0.18286;0.18641;0.18351;0.18164;0.18516;0.18431;0.18249;0.18592;0.18302;0.18122;0.18460;0.18181;0.18002;0.18338;0.18819;0.18617;0.19001;0.18681;0.18482;0.18860;0.18554;0.18357;0.18730
860.00;0.18731;0.18539;0.18902;0.18595;0.18406;0.18763;0.18470;0.18282;0.18636;0.18554;0.18371;0.18716;0.18422;0.18240;0.18581;0.18299;0.18119;0.18457;0.18945;0.18741;0.19128;0.18804;0.18603;0.18984;0.18675;0.18476;0.18852
865.00;0.18855;0.18662;0.19027;0.18717;0.18526;0.18886;0.18589;0.18400;0.18756;0.18677;0.18492;0.18840;0.18542;0.18359;0.18703;0.18417;0.18235;0.18576;0.19071;0.18865;0.19256;0.18927;0.18725;0.19109;0.18795;0.18595;0.18974
870.00;0.18980;0.18785;0.19153;0.18839;0.18647;0.19009;0.18708;0.18518;0.18877;0.18800;0.18614;0.18964;0.18663;0.18479;0.18825;0.18535;0.18352;0.18696;0.19197;0.18990;0.19384;0.19051;0.18847;0.19233;0.18916;0.18715;0.19096
875.00;0.19105;0.18909;0.19280;0.18961;0.18767;0.19133;0.18828;0.18636;0.18997;0.18923;0.18736;0.19089;0.18783;0.18598;0.18947;0.18653;0.18470;0.18815;0.19324;0.19114;0.19512;0.19174;0.18969;0.19359;0.19037;0.18834;0.19218
880.00;0.19230;0.19032;0.19406;0.19083;0.18888;0.19256;0.18947;0.18755;0.19118;0.19047;0.18858;0.19214;0.18905;0.18718;0.19069;0.18772;0.18587;0.18935;0.19451;0.19240;0.19640;0.19298;0.19091;0.19484;0.19158;0.18954;0.19341
885.00;0.19355;0.19156;0.19533;0.19206;0.19009;0.19380;0.19067;0.18873;0.19240;0.19171;0.18981;0.19339;0.19026;0.18838;0.19191;0.18891;0.18705;0.19055;0.19578;0.19365;0.19769;0.19422;0.19214;0.19610;0.19280;0.19074;0.19464
890.00;0.19481;0.19280;0.19660;0.19328;0.19131;0.19504;0.19188;0.18992;0.19361;0.19295;0.19104;0.19465;0.19147;0.18958;0.19314;0.19010;0.18822;0.19175;0.19705;0.19491;0.19899;0.19547;0.19337;0.19736;0.19401;0.19194;0.19587
895.00;0.19607;0.19405;0.19788;0.19451;0.19252;0.19629;0.19308;0.19111;0.19483;0.19420;0.19227;0.19591;0.19269;0.19079;0.19437;0.19129;0.18940;0.19295;0.19833;0.19617;0.20028;0.19672;0.19460;0.19862;0.19523;0.19314;0.19710
900.00;0.19733;0.19529;0.19916;0.19575;0.19374;0.19754;0.19429;0.19230;0.19605;0.19545;0.19350;0.19717;0.19391;0.19199;0.19560;0.19249;0.19059;0.19416;0.19961;0.19743;0.20158;0.19797;0.19583;0.19988;0.19645;0.19435;0.19834
905.00;0.19860;0.19654;0.20044;0.19698;0.19496;0.19878;0.19549;0.19350;0.19727;0.19670;0.19474;0.19844;0.19513;0.19320;0.19684;0.19368;0.19177;0.19537;0.20090;0.19870;0.20288;0.19922;0.19707;0.20115;0.19768;0.19556;0.19957
910.00;0.19987;0.19780;0.20172;0.19822;0.19619;0.20004;0.19671;0.19470;0.19849;0.19796;0.19598;0.19971;0.19636;0.19441;0.19808;0.19488;0.19296;0.19658;0.20219;0.19997;0.20419;0.20047;0.19830;0.20242;0.19890;0.19677;0.20081
915.00;0.20114;0.19905;0.20301;0.19946;0.19741;0.20129;0.19792;0.19590;0.19972;0.19921;0.19722;0.20098;0.19759;0.19563;0.19932;0.19608;0.19414;0.19779;0.20348;0.20124;0.20550;0.20173;0.19955;0.20370;0.20013;0.19798;0.20206
920.00;0.20242;0.20031;0.20431;0.20071;0.19864;0.20255;0.19913;0.19710;0.20095;0.20047;0.19847;0.20225;0.19882;0.19684;0.20056;0.19729;0.19533;0.19900;0.20478;0.20252;0.20681;0.20299;0.20079;0.20497;0.20136;0.19920;0.20330
925.00;0.20370;0.20157;0.20560;0.20195;0.19987;0.20381;0.20035;0.19830;0.20218;0.20174;0.19972;0.20353;0.20005;0.19806;0.20181;0.19849;0.19653;0.20022;0.20608;0.20380;0.20813;0.20426;0.20204;0.20626;0.20260;0.20042;0.20455
930.00;0.20498;0.20284;0.20690;0.20320;0.20111;0.20508;0.20157;0.19951;0.20341;0.20301;0.20097;0.20481;0.20129;0.19928;0.20306;0.19970;0.19772;0.20144;0.20738;0.20508;0.20945;0.20552;0.20329;0.20754;0.20383;0.20164;0.20580
935.00;0.20627;0.20411;0.20820;0.20446;0.20234;0.20634;0.20279;0.20072;0.20464;0.20428;0.20222;0.20610;0.20252;0.20051;0.20431;0.20091;0.19892;0.20266;0.20868;0.20637;0.21078;0.20679;0.20454;0.20883;0.20507;0.20286;0.20705
940.00;0.20756;0.20538;0.20951;0.20571;0.20358;0.20761;0.20402;0.20193;0.20588;0.20555;0.20348;0.20739;0.20376;0.20173;0.20556;0.20212;0.20012;0.20389;0.20999;0.20766;0.21211;0.20807;0.20579;0.21012;0.20631;0.20408;0.20831
945.00;0.20885;0.20665;0.21082;0.20697;0.20483;0.20889;0.20525;0.20314;0.20712;0.20683;0.20474;0.20868;0.20501;0.20296;0.20682;0.20333;0.20132;0.20511;0.21131;0.20895;0.21344;0.20934;0.20705;0.21141;0.20755;0.20531;0.20957
950.00;0.21015;0.20793;0.21213;0.20823;0.20607;0.21016;0.20647;0.20435;0.20837;0.20811;0.20600;0.20997;0.20625;0.20420;0.20808;0.20455;0.20252;0.20634;0.21263;0.21025;0.21478;0.21062;0.20831;0.21270;0.20880;0.20654;0.21083
955.00;0.21145;0.20921;0.21345;0.20949;0.20732;0.21144;0.20771;0.20557;0.20961;0.20939;0.20727;0.21127;0.20750;0.20543;0.20934;0.20577;0.20373;0.20757;0.21395;0.21155;0.21612;0.21190;0.20958;0.21400;0.21005;0.20777;0.21209
960.00;0.21275;0.21050;0.21477;0.21076;0.20857;0.21272;0.20894;0.20679;0.21086;0.21068;0.20854;0.21257;0.20876;0.20667;0.21061;0.20699;0.20493;0.20881;0.21527;0.21285;0.21746;0.21319;0.21084;0.21531;0.21130;0.20901;0.21336
965.00;0.21406;0.21179;0.21610;0.21203;0.20982;0.21401;0.21018;0.20801;0.21211;0.21197;0.20981;0.21388;0.21001;0.20791;0.21188;0.20821;0.20614;0.21004;0.21660;0.21416;0.21881;0.21448;0.21211;0.21661;0.21255;0.21024;0.21463
970.00;0.21537;0.21308;0.21742;0.21330;0.21108;0.21530;0.21142;0.20924;0.21336;0.21326;0.21109;0.21519;0.21127;0.20915;0.21315;0.20944;0.20736;0.21128;0.21793;0.21547;0.22017;0.21577;0.21339;0.21792;0.21381;0.21148;0.21590
975.00;0.21668;0.21437;0.21876;0.21458;0.21233;0.21659;0.21266;0.21046;0.21462;0.21456;0.21237;0.21650;0.21253;0.21039;0.21442;0.21067;0.20857;0.21252;0.21927;0.21679;0.22152;0.21707;0.21466;0.21924;0.21507;0.21272;0.21717
980.00;0.21800;0.21567;0.22009;0.21586;0.21360;0.21788;0.21390;0.21169;0.21588;0.21586;0.21365;0.21782;0.21379;0.21164;0.21570;0.21190;0.20979;0.21377;0.22061;0.21810;0.22289;0.21836;0.21594;0.22055;0.21633;0.21397;0.21845
985.00;0.21932;0.21698;0.22144;0.21714;0.21486;0.21918;0.21515;0.21292;0.21714;0.21716;0.21494;0.21914;0.21506;0.21289;0.21698;0.21313;0.21101;0.21501;0.22196;0.21943;0.22425;0.21967;0.21722;0.22187;0.21759;0.21522;0.21973
990.00;0.22065;0.21828;0.22278;0.21842;0.21613;0.22048;0.21640;0.21416;0.21840;0.21847;0.21623;0.22047;0.21633;0.21415;0.21827;0.21437;0.21223;0.21626;0.22330;0.22075;0.22562;0.22097;0.21851;0.22320;0.21886;0.21646;0.22102
995.00;0.22198;0.21959;0.22413;0.21971;0.21740;0.22179;0.21765;0.21539;0.21967;0.21978;0.21752;0.22180;0.21760;0.21540;0.21955;0.21560;0.21345;0.21751;0.22466;0.22208;0.22700;0.22228;0.21980;0.22452;0.22013;0.21772;0.22230
1000.0;0.22331;0.22091;0.22548;0.22100;0.21867;0.22310;0.21890;0.21663;0.22094;0.22110;0.21882;0.22313;0.21887;0.21666;0.22084;0.21685;0.21468;0.21877;0.22602;0.22342;0.22838;0.22359;0.22109;0.22586;0.22140;0.21897;0.22359
